scheme_code,alpha_all_time,beta_all_time,expense_ratio
122639,6.6557847378639154,0.5920085968947569,0.63%
